project,class
1_tullibee,com.ib.client.AnyWrapperMsgGenerator
1_tullibee,com.ib.client.ComboLeg
1_tullibee,com.ib.client.ContractDetails
1_tullibee,com.ib.client.EClientSocket
1_tullibee,com.ib.client.EException
1_tullibee,com.ib.client.EWrapperMsgGenerator
1_tullibee,com.ib.client.UnderComp
2_a4j,net.kencochrane.a4j.beans.ListingProductInfo
2_a4j,net.kencochrane.a4j.beans.Lists
2_a4j,net.kencochrane.a4j.beans.ModeList
2_a4j,net.kencochrane.a4j.beans.ProductInfo
2_a4j,net.kencochrane.a4j.beans.ProductLine
2_a4j,net.kencochrane.a4j.beans.ShoppingCartResponse
2_a4j,net.kencochrane.a4j.beans.Starring
2_a4j,net.kencochrane.a4j.beans.ThirdPartyProductInfo
2_a4j,net.kencochrane.a4j.data.Query
3_gaj,brain.ga.GAUtilities
3_gaj,brain.ga.RankSelector
3_gaj,brain.ga.UniformCrossover
3_gaj,brain.ga.VectorAllelesGenome
4_rif,com.densebrain.rif.client.RIFManagerFactory
4_rif,com.densebrain.rif.client.service.RIFServiceStub
4_rif,com.densebrain.rif.client.service.types.Invoke
4_rif,com.densebrain.rif.client.service.types.InvokeResponse
4_rif,com.densebrain.rif.server.RIFImplementationManager
4_rif,com.densebrain.rif.server.test.TestWS
4_rif,com.densebrain.rif.server.transport.WebServiceContainer
5_templateit,org.templateit.OpMatcher
5_templateit,org.templateit.PdfWriter
5_templateit,org.templateit.Reference
5_templateit,org.templateit.Region
5_templateit,org.templateit.StaticTemplate
5_templateit,org.templateit.TemplateIt
5_templateit,org.templateit.TemplateProcessor
5_templateit,org.templateit.TemplateSheet
5_templateit,org.templateit.TemplateWorkbook
5_templateit,org.templateit.WorkbookParser
6_jnfe,br.com.jnfe.base.FinNFe
6_jnfe,br.com.jnfe.base.IndPag
6_jnfe,br.com.jnfe.base.Orig
6_jnfe,br.com.jnfe.base.TpSerie
6_jnfe,br.com.jnfe.base.UF
6_jnfe,br.com.jnfe.base.service.DOMNFeFileReader
6_jnfe,br.com.jnfe.base.service.NFeCalculatorImpl
7_sfmis,com.hf.sfm.crypt.Base64
7_sfmis,com.hf.sfm.sfmis.department.pdo.ADepartment
7_sfmis,com.hf.sfm.sfmis.personinfo.business.PersonInfoMgr
7_sfmis,com.hf.sfm.sfmis.personinfo.pdo.APersonInfo
7_sfmis,com.hf.sfm.system.business.MenuManage
7_sfmis,com.hf.sfm.system.business.WorkerMgr
7_sfmis,com.hf.sfm.system.pdo.AGroup
7_sfmis,com.hf.sfm.system.pdo.AWorker
7_sfmis,com.hf.sfm.system.pdo.Menu
7_sfmis,com.hf.sfm.util.HibernateSessionFactory
7_sfmis,com.hf.sfm.util.ListRange
8_gfarcegestionfa,fr.unice.gfarce.interGraph.EnvoiAcceptBourseAction
8_gfarcegestionfa,fr.unice.gfarce.interGraph.ModificationEtuAction
8_gfarcegestionfa,fr.unice.gfarce.interGraph.ModifierFormationAction
8_gfarcegestionfa,fr.unice.gfarce.interGraph.ModifierRespAction
8_gfarcegestionfa,fr.unice.gfarce.main.Main
9_falselight,DataBase
9_falselight,Fichier
9_falselight,Ihm
9_falselight,Scheduler
9_falselight,Services
9_falselight,TestAccess
9_falselight,falselight
10_water-simulator,simulator.CA.BehaviourSendPersonalConsumption
10_water-simulator,simulator.SA.gui.AboutFrame
10_water-simulator,simulator.SA.gui.ProgressGui
10_water-simulator,simulator.WSA.BehaviourMetDataQuery
10_water-simulator,simulator.WSA.BehaviourQueryConsumers
10_water-simulator,simulator.ontology.Consumes
10_water-simulator,simulator.ontology.LaunchGUI
10_water-simulator,simulator.ontology.StepTotalConsumption
10_water-simulator,simulator.util.Function
10_water-simulator,simulator.util.MetDataFunction
11_imsmart,com.imsmart.exception.MException
11_imsmart,com.imsmart.main.MImageMigrator
11_imsmart,com.imsmart.main.MMergeTIFF
11_imsmart,com.imsmart.main.MMigrater
11_imsmart,com.imsmart.report.MReportCSV
11_imsmart,com.imsmart.report.MReportHTML
11_imsmart,com.imsmart.servlet.HTMLFilter
12_dsachat,dsachat.Main
12_dsachat,dsachat.client.ClientMain
12_dsachat,dsachat.client.gui.MainFrame
12_dsachat,dsachat.client.net.SecClient
12_dsachat,dsachat.gm.gui.InternalGmHeroFrame
12_dsachat,dsachat.server.Handler
12_dsachat,dsachat.server.net.SecServer
12_dsachat,dsachat.share.ChallReq
12_dsachat,dsachat.share.KeyExc
12_dsachat,dsachat.share.hero.Attribute
12_dsachat,dsachat.share.hero.Special
12_dsachat,dsachat.share.hero.Spell
12_dsachat,dsachat.share.hero.Talent
13_jdbacl,org.databene.jdbacl.ArrayResultSetIterator
13_jdbacl,org.databene.jdbacl.ResultsWithMetadata
13_jdbacl,org.databene.jdbacl.dialect.DB2Dialect
13_jdbacl,org.databene.jdbacl.dialect.Derby10_6Dialect
13_jdbacl,org.databene.jdbacl.dialect.HSQLDialect
13_jdbacl,org.databene.jdbacl.identity.SubNkPkQueryIdentity
13_jdbacl,org.databene.jdbacl.identity.mem.AbstractTableMapper
13_jdbacl,org.databene.jdbacl.identity.mem.GlobalRowId
13_jdbacl,org.databene.jdbacl.identity.mem.MemKeyMapper
13_jdbacl,org.databene.jdbacl.model.AbstractCompositeDBObject
13_jdbacl,org.databene.jdbacl.model.DBForeignKeyConstraint
13_jdbacl,org.databene.jdbacl.model.DBPrimaryKeyConstraint
13_jdbacl,org.databene.jdbacl.model.DBRowIterator
13_jdbacl,org.databene.jdbacl.swing.DatabaseTree
13_jdbacl,org.databene.jdbacl.version.ConstantVersionProvider
14_omjstate,uk.me.jockmacmad.jstate.predicate.EvaluationNotPossibleException
14_omjstate,uk.me.jockmacmad.jstate.state.IntegerGreaterThanGuardCondition
14_omjstate,uk.me.jockmacmad.jstate.state.MethodNotPresentException
14_omjstate,uk.me.jockmacmad.jstate.state.NonDeterministicException
14_omjstate,uk.me.jockmacmad.jstate.state.StateMachine
14_omjstate,uk.me.jockmacmad.jstate.state.Transition
14_omjstate,uk.me.jockmacmad.jstate.tools.Statemachine2Java
15_beanbin,net.sourceforge.beanbin.data.ejb3.EJB3BeanBinDAO
15_beanbin,net.sourceforge.beanbin.data.ejb3.EJB3IndexDAO
15_beanbin,net.sourceforge.beanbin.data.ejb3.HibernateEntityManagerFactoryBuilder
15_beanbin,net.sourceforge.beanbin.data.ejb3.dao.search.WildcardBuilder
15_beanbin,net.sourceforge.beanbin.data.ejb3.dao.transaction.AddAction
15_beanbin,net.sourceforge.beanbin.data.ejb3.message.IndexCacheMessageListener
15_beanbin,net.sourceforge.beanbin.query.SearchType
15_beanbin,net.sourceforge.beanbin.reflect.resolve.GetImplementationsFromDir
15_beanbin,net.sourceforge.beanbin.search.index.Index
15_beanbin,net.sourceforge.beanbin.search.index.cache.Results
16_templatedetails,com.rakegroup.JoomlaOutput
17_inspirento,com.allenstudio.ir.core.PluginManager
17_inspirento,com.allenstudio.ir.core.plugins.AbstractNote
17_inspirento,com.allenstudio.ir.event.NoteListEvent
17_inspirento,com.allenstudio.ir.ui.DefaultNoteListModel
17_inspirento,com.allenstudio.ir.ui.MainFrame
17_inspirento,com.allenstudio.ir.ui.NoteListCell
17_inspirento,com.allenstudio.ir.ui.NoteListsTabPane
17_inspirento,com.allenstudio.ir.ui.NoteOperationsPane
17_inspirento,com.allenstudio.ir.ui.action.ActionsManager
17_inspirento,com.allenstudio.ir.ui.calendar.DateChooser
17_inspirento,ui.UIResources
18_jsecurity,org.jsecurity.authc.AbstractAuthenticator
18_jsecurity,org.jsecurity.authc.ExpiredCredentialsException
18_jsecurity,org.jsecurity.authc.UsernamePasswordToken
18_jsecurity,org.jsecurity.authz.ModularRealmAuthorizer
18_jsecurity,org.jsecurity.authz.SimpleAuthorizationInfo
18_jsecurity,org.jsecurity.mgt.CachingSecurityManager
18_jsecurity,org.jsecurity.realm.jdbc.JdbcRealm
18_jsecurity,org.jsecurity.realm.text.TextConfigurationRealm
18_jsecurity,org.jsecurity.session.StoppedSessionException
18_jsecurity,org.jsecurity.spring.remoting.SecureRemoteInvocationExecutor
18_jsecurity,org.jsecurity.util.JdbcUtils
18_jsecurity,org.jsecurity.util.PermissionUtils
18_jsecurity,org.jsecurity.util.StringUtils
19_jmca,com.soops.CEN4010.JMCA.ASTNode
19_jmca,com.soops.CEN4010.JMCA.JMCAView
19_jmca,com.soops.CEN4010.JMCA.JParser.TestJava
19_jmca,com.soops.CEN4010.JMCA.JParser.parseTest.JMCAParserTestFrame
19_jmca,com.soops.CEN4010.JMCA.JParser.xmlParser.ClassOrInterfaceBody
19_jmca,com.soops.CEN4010.JMCA.JParser.xmlParser.IfStatement
19_jmca,com.soops.CEN4010.JMCA.JParser.xmlParser.Parameter
19_jmca,com.soops.CEN4010.JMCA.JParser.xmlParser.PrimaryExpression
19_jmca,com.soops.CEN4010.JMCA.JParser.xmlParser.StatementExpression
19_jmca,com.soops.CEN4010.JMCA.JParser.xmlParser.TryStatement
20_nekomud,net.sourceforge.nekomud.HelloNekoMUD
20_nekomud,net.sourceforge.nekomud.nio.NetworkServiceNioImpl
20_nekomud,net.sourceforge.nekomud.reflect.ReflectionServiceImpl
21_geo-google,com.google.earth.kml._2.AltitudeModeType
21_geo-google,geo.google.datamodel.GeoAddress
21_geo-google,geo.google.datamodel.GeoUsAddress
21_geo-google,geo.google.mapping.MappingUtils
21_geo-google,geo.google.mapping.XmlToAddressFunctor
21_geo-google,oasis.names.tc.ciq.xsdschema.xal._2.BuildingNameType
21_geo-google,oasis.names.tc.ciq.xsdschema.xal._2.PostalRouteType
21_geo-google,oasis.names.tc.ciq.xsdschema.xal._2.PremiseNumberSuffix
21_geo-google,oasis.names.tc.ciq.xsdschema.xal._2.SubPremiseType
21_geo-google,oasis.names.tc.ciq.xsdschema.xal._2.Thoroughfare
21_geo-google,oasis.names.tc.ciq.xsdschema.xal._2.ThoroughfareNumber
22_byuic,com.yahoo.platform.yui.compressor.Bootstrap
22_byuic,com.yahoo.platform.yui.compressor.CssCompressor
22_byuic,com.yahoo.platform.yui.compressor.JarClassLoader
22_byuic,com.yahoo.platform.yui.compressor.JavaScriptCompressor
22_byuic,com.yahoo.platform.yui.compressor.JavaScriptToken
22_byuic,com.yahoo.platform.yui.compressor.ScriptOrFnScope
22_byuic,org.mozilla.javascript.Decompiler
22_byuic,org.mozilla.javascript.Parser
22_byuic,org.mozilla.javascript.TokenStream
23_jwbf,net.sourceforge.jwbf.core.actions.util.CookieException
23_jwbf,net.sourceforge.jwbf.core.actions.util.ProcessException
23_jwbf,net.sourceforge.jwbf.core.bots.util.JwbfException
23_jwbf,net.sourceforge.jwbf.mediawiki.actions.MediaWiki
23_jwbf,net.sourceforge.jwbf.mediawiki.actions.editing.MovePage
23_jwbf,net.sourceforge.jwbf.mediawiki.actions.queries.ImageInfo
23_jwbf,net.sourceforge.jwbf.mediawiki.actions.util.ApiException
23_jwbf,net.sourceforge.jwbf.zim.actions.AllPageTitles
24_saxpath,com.werken.saxpath.Token
24_saxpath,com.werken.saxpath.XPathLexer
24_saxpath,org.saxpath.SAXPathException
24_saxpath,org.saxpath.SAXPathParseException
24_saxpath,org.saxpath.XPathSyntaxException
24_saxpath,org.saxpath.conformance.ConformanceXPathHandler
24_saxpath,org.saxpath.helpers.DefaultXPathHandler
25_jni-inchi,net.sf.jniinchi.INCHI_BOND_STEREO
25_jni-inchi,net.sf.jniinchi.INCHI_BOND_TYPE
25_jni-inchi,net.sf.jniinchi.INCHI_KEY
25_jni-inchi,net.sf.jniinchi.INCHI_PARITY
25_jni-inchi,net.sf.jniinchi.INCHI_RET
25_jni-inchi,net.sf.jniinchi.JniInchiInput
25_jni-inchi,net.sf.jniinchi.JniInchiOutputKey
25_jni-inchi,net.sf.jniinchi.JniInchiOutputStructure
25_jni-inchi,net.sf.jniinchi.JniInchiStereo0D
25_jni-inchi,net.sf.jniinchi.JniInchiWrapper
26_jipa,jipa.Label
26_jipa,jipa.Main
26_jipa,jipa.Variable
27_gangup,MapTileView
27_gangup,gui.GamePanel
27_gangup,gui.gl.FrameStats
27_gangup,gui.gl.GLWorldPanel
27_gangup,gui.gl.Util3D
27_gangup,map.AbstractMap
27_gangup,map.DirtyNode
27_gangup,module.BasicMessageRules
27_gangup,module.Message
27_gangup,module.ModuleBrowserDialog
27_gangup,module.ModuleInfo
27_gangup,util.TaintedByteArrayOutputStream
28_greencow,greencow.Main
29_apbsmem,apbs_mem_gui.InFile
29_apbsmem,apbs_mem_gui.JmolPanel
29_apbsmem,jahuwaldt.plot.PlotRunList
29_apbsmem,jahuwaldt.plot.SimplePlotXY
29_apbsmem,jahuwaldt.plot.TabDSymbol
29_apbsmem,jahuwaldt.plot.Triangle2Symbol
29_apbsmem,jahuwaldt.plot.Triangle3Symbol
29_apbsmem,jahuwaldt.plot.Triangle4Symbol
30_bpmail,ch.bluepenguin.email.client.MailMessage
30_bpmail,ch.bluepenguin.email.client.Person
30_bpmail,ch.bluepenguin.email.client.cache.MailCache
30_bpmail,ch.bluepenguin.email.client.service.impl.DummyEmailFacadeImpl
30_bpmail,ch.bluepenguin.email.client.service.impl.EmailFacadeImpl
30_bpmail,ch.bluepenguin.email.client.tapestry.MessageList
30_bpmail,ch.bluepenguin.email.client.tapestry.Visit
30_bpmail,ch.bluepenguin.email.client.tapestry.helpers.TreeModelHelper
30_bpmail,ch.bluepenguin.tapestry.components.menu.model.impl.DefaultMenuItem
30_bpmail,ch.bluepenguin.tapestry.components.menu.model.impl.DefaultMenuModel
30_bpmail,ch.bluepenguin.tapestry.components.menu.renderer.impl.AbstractMenuItemRenderer
30_bpmail,ch.bluepenguin.tapestry.components.menu.renderer.impl.DefaultMenuItemRenderer
31_xisemele,net.sf.xisemele.exception.NotWithinContextException
31_xisemele,net.sf.xisemele.impl.EditorImpl
31_xisemele,net.sf.xisemele.impl.NullErrorHandler
31_xisemele,net.sf.xisemele.impl.WithinContextImpl
31_xisemele,net.sf.xisemele.impl.XisemeleImpl
32_httpanalyzer,httpanalyzer.Base64Transformer
32_httpanalyzer,httpanalyzer.FileUtils
32_httpanalyzer,httpanalyzer.HeaderSettings
32_httpanalyzer,httpanalyzer.HttpPreference
32_httpanalyzer,httpanalyzer.IntelSaveDialog
32_httpanalyzer,httpanalyzer.MD5Dialog
32_httpanalyzer,httpanalyzer.NotesDialog
32_httpanalyzer,httpanalyzer.ParamsTools
33_javaviewcontrol,com.pmdesigns.jvc.BinaryResponseException
33_javaviewcontrol,com.pmdesigns.jvc.JVCDispatcher
33_javaviewcontrol,com.pmdesigns.jvc.Log
33_javaviewcontrol,com.pmdesigns.jvc.tools.JVCBootstrapGenerator
33_javaviewcontrol,com.pmdesigns.jvc.tools.JVCGenerator
33_javaviewcontrol,com.pmdesigns.jvc.tools.SimpleCharStream
33_javaviewcontrol,com.pmdesigns.jvc.tools.TokenMgrError
34_sbmlreader2,sbmlreader2.AddToClasspath
34_sbmlreader2,sbmlreader2.SBMLFilter
34_sbmlreader2,sbmlreader2.SBMLGraphReader
34_sbmlreader2,sbmlreader2.SBMLGraphReader2
34_sbmlreader2,sbmlreader2.SBMLReaderPlugin2
34_sbmlreader2,sbmlreader2.SBMLVisualStyleFactory
35_corina,corina.browser.ITRDB
35_corina,corina.browser.SortedHeaderRenderer
35_corina,corina.formats.Heidelberg
35_corina,corina.graph.ElemColorTable
35_corina,corina.graph.GraphInfo
35_corina,corina.index.UnitTests
35_corina,corina.map.layers.LegendLayer
35_corina,corina.site.SiteEditor
35_corina,corina.util.StringComparator
36_schemaspy,net.sourceforge.schemaspy.Revision
36_schemaspy,net.sourceforge.schemaspy.model.EmptySchemaException
36_schemaspy,net.sourceforge.schemaspy.model.LogicalRemoteTable
36_schemaspy,net.sourceforge.schemaspy.model.LogicalTable
36_schemaspy,net.sourceforge.schemaspy.ui.UiUtils
36_schemaspy,net.sourceforge.schemaspy.util.DbSpecificOption
36_schemaspy,net.sourceforge.schemaspy.util.Dot
36_schemaspy,net.sourceforge.schemaspy.util.PasswordReader
36_schemaspy,net.sourceforge.schemaspy.view.DotConnector
36_schemaspy,net.sourceforge.schemaspy.view.HtmlConstraintsPage
36_schemaspy,net.sourceforge.schemaspy.view.HtmlMainIndexPage
36_schemaspy,net.sourceforge.schemaspy.view.HtmlMultipleSchemasIndexPage
37_petsoar,org.petsoar.actions.cart.ViewShoppingCart
37_petsoar,org.petsoar.actions.inventory.InventorySavePet
37_petsoar,org.petsoar.actions.order.EditOrder
37_petsoar,org.petsoar.order.DefaultOrderProcessing
37_petsoar,org.petsoar.order.ShipmentInfo
37_petsoar,org.petsoar.search.lucene.DefaultLuceneDocumentFactory
37_petsoar,org.petsoar.search.lucene.LuceneException
37_petsoar,org.petsoar.search.lucene.LuceneIndexStore
37_petsoar,org.petsoar.search.lucene.LuceneIndexer
37_petsoar,org.petsoar.security.SecurityFilter
37_petsoar,org.petsoar.security.User
38_javabullboard,framework.base.BaseActionMapping
38_javabullboard,framework.persistence.jdbc.ComponentHelper
38_javabullboard,framework.persistence.jdbc.ComponentManager
38_javabullboard,framework.persistence.jdbc.Entity
38_javabullboard,framework.persistence.jdbc.EntityManager
38_javabullboard,framework.persistence.jdbc.pool.DBCPoolImpl
38_javabullboard,framework.persistence.jdbc.pool.OraclePoolImpl
38_javabullboard,framework.persistence.jdbc.tools.ui.EntityAction
38_javabullboard,framework.util.FileUtils
38_javabullboard,framework.util.ObjectUtils
38_javabullboard,framework.util.jdbc.Parameter
39_diffi,de.beiri22.commandline.CommandLine
39_diffi,de.beiri22.commandline.Option
39_diffi,de.beiri22.stringincrementor.StringIncrementor
39_diffi,de.beiri22.stringincrementor.helper.ExtBoolArray
39_diffi,de.beiri22.stringincrementor.helper.IndexedString
39_diffi,de.beiri22.stringincrementor.helper.StringFromFile
39_diffi,de.beiri22.stringincrementor.relativestring.RelativeString
39_diffi,de.beiri22.stringincrementor.relativestring.StringLink
40_glengineer,glengineer.agents.Agent
40_glengineer,glengineer.agents.PreferredGapAgent
40_glengineer,glengineer.agents.TopSequentialGroupAgent
40_glengineer,glengineer.agents.settings.ContainerGapSettings
40_glengineer,glengineer.agents.settings.GapSettings
40_glengineer,glengineer.agents.settings.SpecialGapSizes
40_glengineer,glengineer.positions.CharPosition1
41_follow,ghm.follow.config.Configure
41_follow,ghm.follow.config.FollowAppAttributes
41_follow,ghm.follow.event.WindowTracker
41_follow,ghm.follow.font.NoFontSizeSpecifiedException
41_follow,ghm.follow.gui.DndFileOpener
41_follow,ghm.follow.gui.ExternalEditor
41_follow,ghm.follow.gui.LineEditorKit
41_follow,ghm.follow.gui.Menu
41_follow,ghm.follow.gui.Open
41_follow,ghm.follow.gui.TabbedPane
41_follow,ghm.follow.gui.WhatIsThis
41_follow,ghm.follow.search.Find
41_follow,ghm.follow.search.SearchEngine
42_asphodel,org.asphodel.AsphodelServiceLocator
42_asphodel,org.asphodel.FtrConstants
42_asphodel,org.asphodel.analyzer.SimpleAnalyzer
42_asphodel,org.asphodel.index.DefaultIndexEngine
42_asphodel,org.asphodel.index.HtmlStringContent
42_asphodel,org.asphodel.index.StreamContent
42_asphodel,org.asphodel.parser.HtmlContentParser
42_asphodel,org.asphodel.search.DefaultSearchEngine
43_lilith,de.huxhorn.lilith.engine.impl.eventproducer.AbstractEventProducer
43_lilith,de.huxhorn.lilith.sender.SimpleSendBytesService
43_lilith,de.huxhorn.lilith.swing.ViewManager
43_lilith,de.huxhorn.lilith.swing.callables.CleanObsoleteCallable
43_lilith,de.huxhorn.lilith.swing.filefilters.LogFileFilter
43_lilith,de.huxhorn.lilith.swing.filefilters.PngFileFilter
43_lilith,de.huxhorn.lilith.swing.preferences.TroubleshootingPanel
43_lilith,de.huxhorn.lilith.swing.table.renderer.MarkerRenderer
43_lilith,de.huxhorn.lilith.swing.taskmanager.table.TaskProgressRenderer
44_summa,dk.statsbiblioteket.summa.common.lucene.analysis.SummaSymbolRemovingAnalyzer
44_summa,dk.statsbiblioteket.summa.common.unittest.ExtraAsserts
44_summa,dk.statsbiblioteket.summa.common.util.CleanSlateRollingFileAppender
44_summa,dk.statsbiblioteket.summa.common.util.StateThread
44_summa,dk.statsbiblioteket.summa.control.api.ClientDeploymentException
44_summa,dk.statsbiblioteket.summa.control.api.feedback.VoidFeedback
44_summa,dk.statsbiblioteket.summa.control.bundle.RemoteURLRepositoryClient
44_summa,dk.statsbiblioteket.summa.control.client.shell.KillCommand
44_summa,dk.statsbiblioteket.summa.index.lucene.IDMapper
44_summa,dk.statsbiblioteket.summa.ingest.stream.FileReader
44_summa,dk.statsbiblioteket.summa.ingest.stream.StreamToContentFilter
44_summa,dk.statsbiblioteket.summa.search.IndexWatcher
44_summa,dk.statsbiblioteket.summa.storage.api.StorageIterator
44_summa,dk.statsbiblioteket.summa.support.solr.SolrSearchNode
45_lotus,lotus.core.Error
45_lotus,lotus.core.Game
45_lotus,lotus.core.effect.BecomeAttacker
45_lotus,lotus.core.effect.ChangeProperty
45_lotus,lotus.core.phases.CleanupPhase
45_lotus,lotus.core.phases.CombatBeginningPhase
45_lotus,lotus.core.phases.UntapPhase
45_lotus,lotus.test.Bear
46_nutzenportfolio,ch.bfh.egov.nutzenportfolio.action.KategorieAction
46_nutzenportfolio,ch.bfh.egov.nutzenportfolio.action.NutzenkriteriumAction
46_nutzenportfolio,ch.bfh.egov.nutzenportfolio.action.ProjektAction
46_nutzenportfolio,ch.bfh.egov.nutzenportfolio.common.AutoGrowingList
46_nutzenportfolio,ch.bfh.egov.nutzenportfolio.exception.GeneralException
46_nutzenportfolio,ch.bfh.egov.nutzenportfolio.form.NaOpNuForm
46_nutzenportfolio,ch.bfh.egov.nutzenportfolio.form.ProjektattraktivitaetForm
46_nutzenportfolio,ch.bfh.egov.nutzenportfolio.persistence.common.CommonIbatisDao
46_nutzenportfolio,ch.bfh.egov.nutzenportfolio.persistence.projektgruppe.ProjektgruppeIbatisDao
46_nutzenportfolio,ch.bfh.egov.nutzenportfolio.service.benutzer.BenutzerDaoService
46_nutzenportfolio,ch.bfh.egov.nutzenportfolio.service.common.CommonDaoService
46_nutzenportfolio,ch.bfh.egov.nutzenportfolio.service.fragebogen.ProjektattraktivitaetDaoService
46_nutzenportfolio,ch.bfh.egov.nutzenportfolio.service.projektgruppe.ProjektgruppeDaoService
46_nutzenportfolio,ch.bfh.egov.nutzenportfolio.tag.CustomizingNavigation
46_nutzenportfolio,ch.bfh.egov.nutzenportfolio.tos.Projektgruppe
47_dvd-homevideo,Author
47_dvd-homevideo,Convert
47_dvd-homevideo,CustomFileFilter
47_dvd-homevideo,Menu
47_dvd-homevideo,gdvdhomevideo
48_resources4j,com.mytdev.resources4j.ResourcesException
48_resources4j,com.mytdev.resources4j.ResourcesInjector
48_resources4j,com.mytdev.resources4j.impl.AbstractResources
48_resources4j,com.mytdev.resources4j.impl.ChildResources
48_resources4j,com.mytdev.resources4j.impl.FileResourcesBundleLoader
48_resources4j,com.mytdev.resources4j.impl.MapResourcesBunble
49_diebierse,bierse.Bierse
49_diebierse,bierse.controller.DefaultMenuController
49_diebierse,bierse.controller.DefaultSettingsController
49_diebierse,bierse.controller.TriggerThread
49_diebierse,bierse.model.Settings
49_diebierse,bierse.view.DefaultInfoView
49_diebierse,bierse.view.DefaultInfoViewMouseListener
49_diebierse,bierse.view.DefaultSettingsView
49_diebierse,bierse.view.MyKeyMap
49_diebierse,bierse.view.RunningMessagePanel
50_biff,AdvLexem
50_biff,Codes
50_biff,ExecLexem
50_biff,Interpreter
50_biff,Lexem
50_biff,Scanner
51_jiprof,com.jchapman.jipsnapman.events.SnapshotEventManager
51_jiprof,com.mentorgen.tools.profile.instrument.clfilter.StandardClassLoaderFilter
51_jiprof,com.mentorgen.tools.profile.output.Math
51_jiprof,com.mentorgen.tools.profile.runtime.ClassAllocation
51_jiprof,com.tivo.jipviewer.JipFrame
51_jiprof,com.tivo.jipviewer.JipViewer
51_jiprof,net.sourceforge.jiprof.instrument.clfilter.Info
51_jiprof,net.sourceforge.jiprof.instrument.clfilter.JBossUniversalClassLoaderFilter
51_jiprof,net.sourceforge.jiprof.timeline.Action
51_jiprof,net.sourceforge.jiprof.timeline.TimeRecord
51_jiprof,org.objectweb.asm.jip.AnnotationWriter
51_jiprof,org.objectweb.asm.jip.Edge
51_jiprof,org.objectweb.asm.jip.MethodWriter
51_jiprof,org.objectweb.asm.jip.commons.GeneratorAdapter
51_jiprof,org.objectweb.asm.jip.commons.Method
52_lagoon,nu.staldal.lagoon.LagoonGUI
52_lagoon,nu.staldal.lagoon.core.Format
52_lagoon,nu.staldal.lagoon.core.OutputHandler
52_lagoon,nu.staldal.lagoon.core.Producer
52_lagoon,nu.staldal.lagoon.producer.BatikFormatter
52_lagoon,nu.staldal.lagoon.util.Wildcard
52_lagoon,nu.staldal.xtree.Node
52_lagoon,nu.staldal.xtree.SequentialTreeBuilder
53_shp2kml,net.sourceforge.shp2kml.Converter
53_shp2kml,net.sourceforge.shp2kml.GeomConverter
53_shp2kml,net.sourceforge.shp2kml.KMLObject
53_shp2kml,net.sourceforge.shp2kml.Shp2KMLGUI
54_db-everywhere,com.gbshape.dbe.factory.SequenceStructureFactory
54_db-everywhere,com.gbshape.dbe.mysql.MysqlDataBaseList
54_db-everywhere,com.gbshape.dbe.oracle.OracleDataBase
54_db-everywhere,com.gbshape.dbe.oracle.OracleTableList
54_db-everywhere,com.gbshape.dbe.oracle.OracleTableStructure
54_db-everywhere,com.gbshape.dbe.oracle.OracleViewStructure
54_db-everywhere,com.gbshape.dbe.sqlserver.SqlserverDataBaseList
54_db-everywhere,com.gbshape.dbe.struts.action.DBStructureAction
54_db-everywhere,com.gbshape.dbe.struts.bean.DBEBean
54_db-everywhere,com.gbshape.dbe.struts.bean.TableBean
54_db-everywhere,com.gbshape.dbe.xml.DigesterTest
55_lavalamp,net.sf.lavalamp.application.ApplicationProperties
55_lavalamp,net.sf.lavalamp.application.BuildStatusServlet
55_lavalamp,net.sf.lavalamp.application.DefaultApplication
55_lavalamp,net.sf.lavalamp.device.HtmlFormatter
55_lavalamp,net.sf.lavalamp.device.Period
55_lavalamp,net.sf.lavalamp.device.TurnOff
55_lavalamp,net.sf.lavalamp.device.impl.TellStickJni
55_lavalamp,net.sf.lavalamp.site.LoginFailedException
55_lavalamp,net.sf.lavalamp.site.MissingBuildException
55_lavalamp,net.sf.lavalamp.site.impl.Hudson
56_jhandballmoves,visu.handball.moves.actions.NewAction
56_jhandballmoves,visu.handball.moves.actions.NewPassEventAction
56_jhandballmoves,visu.handball.moves.controller.HandballFileFilter
56_jhandballmoves,visu.handball.moves.controller.MouseController
56_jhandballmoves,visu.handball.moves.model.HandballModel
56_jhandballmoves,visu.handball.moves.model.player.Ball
56_jhandballmoves,visu.handball.moves.resources.Resources
56_jhandballmoves,visu.handball.moves.views.AbstractPlayerDrawer
56_jhandballmoves,visu.handball.moves.views.BallDrawer
56_jhandballmoves,visu.handball.moves.views.CircleDrawer
57_hft-bomberman,client.ClientGameSession
57_hft-bomberman,client.TestDriver
57_hft-bomberman,client.gui.Game
57_hft-bomberman,client.gui.ImageCache
57_hft-bomberman,client.gui.components.MyTextField
57_hft-bomberman,common.Actor
57_hft-bomberman,common.GameRound
57_hft-bomberman,common.GameSession
57_hft-bomberman,db.UserTest
57_hft-bomberman,messages.global.MapInfo
57_hft-bomberman,messages.round.RoundTimeOverMsg
58_fps370,fps370.Fps370Panel
58_fps370,fps370.Fps370Ticker
58_fps370,fps370.HudUpdater
58_fps370,fps370.KeyDownBehavior
58_fps370,fps370.KeyUpBehavior
58_fps370,fps370.MouseMoveBehavior
58_fps370,teder.TederData
58_fps370,teder.TederFrame
58_fps370,teder.TederPanel
59_mygrid,mygrid.InvokeEngine
59_mygrid,mygrid.Performance
59_mygrid,mygrid.web.ArrayOfContextElement
59_mygrid,mygrid.web.ArrayOfJob
59_mygrid,mygrid.web.ContextElement
59_mygrid,mygrid.web.MarshalByRefObject
59_mygrid,mygrid.web._AvailableJobsResponse
59_mygrid,mygrid.web._CompleteResponse
59_mygrid,mygrid.web._LogonResponse
59_mygrid,mygrid.web._Progress
59_mygrid,mygrid.web._SetEngineInfoResponse
60_sugar,net.sf.sugar.fspath.FSPathResult
60_sugar,net.sf.sugar.fspath.cli.Prompt
60_sugar,net.sf.sugar.fspath.xpath.RegexFunction
60_sugar,net.sf.sugar.scl.DefaultIncludeProcessor
60_sugar,net.sf.sugar.scl.DefaultLocalReferenceProcessor
60_sugar,net.sf.sugar.scl.IncludeHolder
60_sugar,net.sf.sugar.scl.JavaPropertiesProcessor
60_sugar,net.sf.sugar.scl.PathConversionUtils
60_sugar,net.sf.sugar.scl.SCLLexer
61_noen,fi.vtt.noen.intellij.JungTesting
61_noen,fi.vtt.noen.mfw.bundle.server.plugins.sac.sacclient.SACClient
61_noen,fi.vtt.noen.mfw.bundle.server.plugins.webui.availabilitypage.DeviceComparator
61_noen,fi.vtt.noen.mfw.bundle.server.plugins.webui.bmreportspage.ValueComparator
61_noen,fi.vtt.noen.mfw.bundle.server.plugins.webui.historypage.HistoryPage
61_noen,fi.vtt.noen.mfw.bundle.server.plugins.webui.mfwclient.OperationResult
61_noen,fi.vtt.probeframework.javaclient.api.probe.PFTest
62_dom4j,org.dom4j.InvalidXPathException
62_dom4j,org.dom4j.Namespace
62_dom4j,org.dom4j.dom.DOMDocumentType
62_dom4j,org.dom4j.dom.DOMNodeHelper
62_dom4j,org.dom4j.io.DOMReader
62_dom4j,org.dom4j.jaxb.JAXBReader
62_dom4j,org.dom4j.rule.RuleSet
62_dom4j,org.dom4j.rule.Stylesheet
62_dom4j,org.dom4j.tree.AbstractCDATA
62_dom4j,org.dom4j.tree.AbstractDocumentType
62_dom4j,org.dom4j.tree.CloneHelper
62_dom4j,org.dom4j.tree.FlyweightCDATA
62_dom4j,org.dom4j.util.ProxyDocumentFactory
63_objectexplorer,de.paragon.explorer.Explorer
63_objectexplorer,de.paragon.explorer.event.ObjectViewDialogEventConverter
63_objectexplorer,de.paragon.explorer.excp.NoSuchFigureException
63_objectexplorer,de.paragon.explorer.figure.FigureChangeEvent
63_objectexplorer,de.paragon.explorer.figure.PackageConstants
63_objectexplorer,de.paragon.explorer.figure.StandardConnectionFigure
63_objectexplorer,de.paragon.explorer.gui.ExplorerFrame
63_objectexplorer,de.paragon.explorer.model.ArrayAttributeModel
63_objectexplorer,de.paragon.explorer.model.AttributeModel
63_objectexplorer,de.paragon.explorer.model.ObjectModelBuilder
63_objectexplorer,de.paragon.explorer.util.AttributeTitleManager
63_objectexplorer,de.paragon.explorer.util.ResourceBundlePurchaser
64_jtailgui,fr.pingtimeout.jtail.gui.action.CancelAction
64_jtailgui,fr.pingtimeout.jtail.gui.action.OpenFileAction
64_jtailgui,fr.pingtimeout.jtail.gui.controller.ApplicationController
64_jtailgui,fr.pingtimeout.jtail.gui.controller.SelectIndexTypeListener
64_jtailgui,fr.pingtimeout.jtail.gui.message.InformationHandler
64_jtailgui,fr.pingtimeout.jtail.gui.message.UIMessage
64_jtailgui,fr.pingtimeout.jtail.gui.model.JTailModel
64_jtailgui,fr.pingtimeout.jtail.gui.model.OpenFileModel
64_jtailgui,fr.pingtimeout.jtail.gui.view.OpenFileDialog
64_jtailgui,fr.pingtimeout.jtail.io.AbstractFileWatcher
64_jtailgui,fr.pingtimeout.jtail.io.FileIndexer
64_jtailgui,fr.pingtimeout.jtail.io.index.ImmutableFileIndex
64_jtailgui,fr.pingtimeout.jtail.io.index.RamFileIndex
64_jtailgui,fr.pingtimeout.jtail.util.JTailLogger
65_gsftp,com.gotoservers.ftp.LoginParam
65_gsftp,com.isnetworks.ssh.AbstractFileBrowser
65_gsftp,com.isnetworks.ssh.FileList
65_gsftp,com.isnetworks.ssh.SSHException
65_gsftp,mindbright.gui.ProgressBar
65_gsftp,mindbright.ssh.SSHSCPGUIThread
66_openjms,org.exolab.jms.config.AdministeredDestinationsDescriptor
66_openjms,org.exolab.jms.config.TcpConfigurationType
66_openjms,org.exolab.jms.jndi.ORBRemoteContext
66_openjms,org.exolab.jms.message.BytesMessageConverter
66_openjms,org.exolab.jms.net.invoke.LoggingCallback
66_openjms,org.exolab.jms.net.proxy.RemoteInvocationException
66_openjms,org.exolab.jms.persistence.SeedGenerator
66_openjms,org.exolab.jms.selector.Less
66_openjms,org.exolab.jms.selector.Multiply
66_openjms,org.exolab.jms.tools.migration.proxy.UserStore
66_openjms,org.exolab.jms.tranlog.TransactionLog
67_gae-app-manager,net.sf.gaeappmanager.google.LogonHelper
67_gae-app-manager,net.sf.gaeappmanager.google.appengine.Main
67_gae-app-manager,net.sf.gaeappmanager.google.appengine.Quota
67_gae-app-manager,net.sf.gaeappmanager.google.appengine.QuotaDetailsParser
67_gae-app-manager,net.sf.gaeappmanager.google.appengine.QuotaValue
68_biblestudy,bible.obj.Book
68_biblestudy,bible.obj.Reference
68_biblestudy,bible.servlet.HTMLOutputStream
68_biblestudy,bible.servlet.ServletConnection
68_biblestudy,bible.servlet.URLRequestLog
68_biblestudy,bible.util.Database
68_biblestudy,bible.util.DbConnectionBroker
68_biblestudy,bible.util.Logger
68_biblestudy,bible.util.LookAheadStringTokenizer
69_lhamacaw,macaw.businessLayer.MacawListChoice
69_lhamacaw,macaw.persistenceLayer.demo.DemonstrationCurationService
69_lhamacaw,macaw.persistenceLayer.demo.InMemoryOntologyTermManager
69_lhamacaw,macaw.persistenceLayer.demo.InMemorySupportingDocumentFilter
69_lhamacaw,macaw.persistenceLayer.production.SetupCurationDatabase
69_lhamacaw,macaw.presentationLayer.AlternativeVariableSelectionPanel
69_lhamacaw,macaw.presentationLayer.ChangeHistoryTableModel
69_lhamacaw,macaw.presentationLayer.CleaningStatePanel
69_lhamacaw,macaw.presentationLayer.OntologyTermSelectionDialog
69_lhamacaw,macaw.presentationLayer.OntologyTermsPanel
69_lhamacaw,macaw.presentationLayer.VariableSearchTableModel
69_lhamacaw,macaw.system.ChangeEventType
69_lhamacaw,macaw.system.MacawErrorType
69_lhamacaw,macaw.system.MacawMessages
70_echodep,edu.uiuc.ndiipp.hubandspoke.packager.GenericPackager
70_echodep,edu.uiuc.ndiipp.hubandspoke.packager.Hub2EprintsPackager
70_echodep,edu.uiuc.ndiipp.hubandspoke.packager.Hub2SwordPackager
70_echodep,edu.uiuc.ndiipp.hubandspoke.profile.HaSMasterMETSProfile
70_echodep,edu.uiuc.ndiipp.hubandspoke.utils.HaSChecksummer
70_echodep,edu.uiuc.ndiipp.hubandspoke.utils.jhove.BaseApplicator
70_echodep,edu.uiuc.ndiipp.hubandspoke.utils.jhove.HTMLTransformer
70_echodep,edu.uiuc.ndiipp.hubandspoke.utils.jhove.JhoveNamespaceContext
70_echodep,edu.uiuc.ndiipp.hubandspoke.utils.jhove.TrivialPremisIDGenerator
71_ext4j,com.tripfilms.os.exttaglib.pagination.datatype.Pages
71_ext4j,net.sourceforge.ext4j.log.ExecutionContext
71_ext4j,net.sourceforge.ext4j.log.ExtrasLoggingFilter
71_ext4j,net.sourceforge.ext4j.log.log4j.ExtrasPatternLayout
71_ext4j,net.sourceforge.ext4j.log.log4j.ExtrasPatternParser
71_ext4j,net.sourceforge.ext4j.log.logback.ExtPatternLayout
71_ext4j,net.sourceforge.ext4j.log.logback.StubRequestInfoExtractor
71_ext4j,net.sourceforge.ext4j.log.logback.converter.ProtocolConverter
71_ext4j,net.sourceforge.ext4j.taglib.bo.CurrentURLBO
71_ext4j,net.sourceforge.ext4j.taglib.tag.BaseSingleBox
71_ext4j,net.sourceforge.ext4j.taglib.tag.SimpleBreadcrumbsTag
71_ext4j,net.sourceforge.ext4j.taglib.tag.repeater.SeparatorTemplateTag
72_battlecry,bcry.battlecryGUI
72_battlecry,bcry.battlecryLive
72_battlecry,bcry.bcDemoModule
72_battlecry,bcry.bcDictionary
72_battlecry,bcry.bcFileDialog
72_battlecry,bcry.bcGenerator
72_battlecry,bcry.bcModule
72_battlecry,bcry.bcVoice
72_battlecry,bcry.bcWord
73_fim1,osa.ora.server.admin.ui.AddRoomPanel
73_fim1,osa.ora.server.admin.ui.ChangePassPanel
73_fim1,osa.ora.server.admin.ui.RootNodePanel
73_fim1,osa.ora.server.client.threads.ReceiveFileThread
73_fim1,osa.ora.server.client.threads.SendChatThread
73_fim1,osa.ora.server.client.threads.SendMyStatusThread
73_fim1,osa.ora.server.client.ui.ChatFrame
73_fim1,osa.ora.server.client.ui.ChatSysTray
73_fim1,osa.ora.server.client.ui.utils.DefaultFontSelectionModel
73_fim1,osa.ora.server.client.ui.utils.FileTransferHandler
73_fim1,osa.ora.server.client.ui.utils.FontTracker
73_fim1,osa.ora.server.client.ui.utils.TreeModelGenerator
73_fim1,osa.ora.server.threads.SendKickOffMessageThread
73_fim1,osa.ora.server.threads.SendRefreshContactThread
73_fim1,osa.ora.server.utils.StringEncrypter
74_fixsuite,org.fixsuite.message.Library
74_fixsuite,org.fixsuite.message.LibrarySuite
74_fixsuite,org.fixsuite.message.parsers.fpl.AbstractParser
74_fixsuite,org.fixsuite.message.parsers.fpl.ComponentsParser
74_fixsuite,org.fixsuite.message.parsers.fpl.MsgContentModel
74_fixsuite,org.fixsuite.message.parsers.fpl.MsgTypeParser
74_fixsuite,org.fixsuite.message.view.InfoPanel
74_fixsuite,org.fixsuite.message.view.ListView
75_openhre,com.browsersoft.aacs.Group
75_openhre,com.browsersoft.aacs.Role
75_openhre,com.browsersoft.aacs.xacml.PDPadapter
75_openhre,com.browsersoft.aacs.xacml.RequestBuilder
75_openhre,com.browsersoft.openhre.hl7.impl.config.HL7FieldImpl
75_openhre,com.browsersoft.openhre.hl7.impl.config.HL7MessageConfigReaderImpl
75_openhre,com.browsersoft.openhre.hl7.impl.config.HL7MessageGroupImpl
75_openhre,com.browsersoft.openhre.hl7.impl.config.HL7SegmentMapImpl
75_openhre,com.browsersoft.openhre.hl7.impl.config.HL7TableMapImpl
75_openhre,com.browsersoft.openhre.hl7.impl.parser.HL7ParserImpl
75_openhre,com.browsersoft.openhre.hl7.impl.regular.MessageTracerImpl
76_dash-framework,dash.examples.buildConsumers.BuildFieldConsumer
76_dash-framework,dash.examples.component.SpecializedTestComponent
76_dash-framework,dash.examples.component.TestComponent
76_dash-framework,dash.examples.obtainConsumers.ObtainFieldConsumer
76_dash-framework,dash.examples.obtainConsumers.ObtainMethodConsumer
76_dash-framework,dash.providerFactory.DefaultProvider
76_dash-framework,dash.providerFactory.ProviderFactory
77_io-project,ioproject.client.network.ServerHandlerAdapter
77_io-project,ioproject.client.network.StateMultiplexer
77_io-project,ioproject.common.network.MessageMultiplexer
77_io-project,ioproject.example.client.ChatExampleClient
77_io-project,ioproject.example.common.ChatMessage
77_io-project,ioproject.server.network.ClientGroup
77_io-project,ioproject.server.network.ClientGroupHandlerAdapter
78_caloriecount,com.lts.application.ApplicationException
78_caloriecount,com.lts.application.swing.ApplicationContentPanel
78_caloriecount,com.lts.caloriecount.swing.ApplicationAction
78_caloriecount,com.lts.caloriecount.ui.dayview.DayViewRefreshThread
78_caloriecount,com.lts.caloriecount.ui.mainframe.HelpAboutPanel
78_caloriecount,com.lts.caloriecount.ui.propertywindow.PropertyWindow
78_caloriecount,com.lts.cmdline.BasicCommandLineProcessor
78_caloriecount,com.lts.pest.tree.TreeListenerHelper
78_caloriecount,com.lts.swing.table.GrowableTableModel
78_caloriecount,com.lts.swing.table.dragndrop.SimpleTransferHandler
78_caloriecount,com.lts.swing.table.dragndrop.test.ExportDoneCalled
78_caloriecount,com.lts.swing.table.dragndrop.test.IsDataFlavorSupportedCalled
78_caloriecount,com.lts.util.notifyinglist.ListEvent
78_caloriecount,com.lts.xml.simple.SimpleElementConverter
78_caloriecount,com.lts.xmlser.tags.PrimitiveTag
78_caloriecount,com.lts.xmlser.tags.StringTag
79_twfbplayer,de.outstare.fortbattleplayer.gui.battlefield.PlayerDrawing
79_twfbplayer,de.outstare.fortbattleplayer.gui.statistics.CritListPopup
79_twfbplayer,de.outstare.fortbattleplayer.gui.statistics.RoundStatsDiagram
79_twfbplayer,de.outstare.fortbattleplayer.gui.statistics.StatisticDiagramm
79_twfbplayer,de.outstare.fortbattleplayer.gui.statistics.StatisticsPanel
79_twfbplayer,de.outstare.fortbattleplayer.logging.LogHelper
79_twfbplayer,de.outstare.fortbattleplayer.logging.LogIterator
79_twfbplayer,de.outstare.fortbattleplayer.model.CombatantState
79_twfbplayer,de.outstare.fortbattleplayer.parser.LogType
79_twfbplayer,de.outstare.fortbattleplayer.player.Battleplan
79_twfbplayer,de.outstare.fortbattleplayer.statistics.WeaponModCounter
80_wheelwebtool,wheel.Asset
80_wheelwebtool,wheel.DefaultResourceManager
80_wheelwebtool,wheel.asm.Attribute
80_wheelwebtool,wheel.asm.ClassWriter
80_wheelwebtool,wheel.asm.MethodAdapter
80_wheelwebtool,wheel.components.Table
80_wheelwebtool,wheel.enhance.WheelFieldVisitor
80_wheelwebtool,wheel.enhance.WheelMethodAdapter
80_wheelwebtool,wheel.persistence.Scope
81_javathena,org.character.data.XMLCharacter
81_javathena,org.character.data.map.MapServerConnection
81_javathena,org.character.net.packet.ClientConnect
81_javathena,org.javathena.core.data.Friend
81_javathena,org.javathena.core.utiles.ACO
81_javathena,org.javathena.login.parse.FromChar
81_javathena,org.javathena.utiles.sql.MySQLConfig
82_ipcalculator,ipac.BinaryCalculate
82_ipcalculator,ipac.GPLReader
82_ipcalculator,ipac.IPv4
82_ipcalculator,ipac.IPv6
82_ipcalculator,ipac.Output
82_ipcalculator,ipac.URLOpener
82_ipcalculator,ipac.WhoIS
82_ipcalculator,ipac.WhoISOutput
83_xbus,net.sf.xbus.base.core.reflection.XBUSClassLoader
83_xbus,net.sf.xbus.bootstrap.ReceiverServiceBootstrap
83_xbus,net.sf.xbus.protocol.bytearraylist.ByteArrayListMessage
83_xbus,net.sf.xbus.protocol.simple.SimpleObjectMessage
83_xbus,net.sf.xbus.technical.as400.AS400ByteArrayListSender
83_xbus,net.sf.xbus.technical.file.FileReceiverThread
83_xbus,net.sf.xbus.technical.file.FileStreamReceiver
83_xbus,net.sf.xbus.technical.mq.MQReceiverThread
83_xbus,net.sf.xbus.tools.HSQLDBShutdown
83_xbus,net.sf.xbus.tools.QBrowser
83_xbus,net.sf.xbus.tools.QReceiver
84_ifx-framework,org.sourceforge.ifx.framework.element.DiscInqRs
84_ifx-framework,org.sourceforge.ifx.framework.element.PassbkInqRs
84_ifx-framework,org.sourceforge.ifx.framework.element.PaySvcRq
84_ifx-framework,org.sourceforge.ifx.framework.pain002.complextype.AmountType1Choice
84_ifx-framework,org.sourceforge.ifx.framework.pain004.simpletype.CanadianPaymentsARNIdentifier
84_ifx-framework,org.sourceforge.ifx.framework.remit.simpletype.ContactName_Type
84_ifx-framework,org.sourceforge.ifx.framework.simpletype.AcctPayAcctId_Type
85_shop,umd.cs.shop.JSAxiom
85_shop,umd.cs.shop.JSEvaluate
85_shop,umd.cs.shop.JSListPairPlanTStateNodes
85_shop,umd.cs.shop.JSParserError
85_shop,umd.cs.shop.JSPlanningProblem
85_shop,umd.cs.shop.JSState
86_at-robots2-j,net.virtualinfinity.atrobots.atsetup.AtRobotInterrupt
86_at-robots2-j,net.virtualinfinity.atrobots.compiler.Errors
86_at-robots2-j,net.virtualinfinity.atrobots.compiler.RobotConfigurer
86_at-robots2-j,net.virtualinfinity.atrobots.computer.MemoryCell
86_at-robots2-j,net.virtualinfinity.atrobots.computer.PopInstructionPointerInstruction
86_at-robots2-j,net.virtualinfinity.atrobots.computer.UnknownInstruction
86_at-robots2-j,net.virtualinfinity.atrobots.hardware.transponder.Transponder
86_at-robots2-j,net.virtualinfinity.atrobots.interrupts.GetGameInfoInterrupt
86_at-robots2-j,net.virtualinfinity.atrobots.interrupts.GetIdInterrupt
86_at-robots2-j,net.virtualinfinity.atrobots.interrupts.SetKeepshiftInterrupt
86_at-robots2-j,net.virtualinfinity.atrobots.measures.CartesianVector
87_jaw-br,jaw.configuracoes.ArquivoRecente
87_jaw-br,jaw.configuracoes.Mapeamento
87_jaw-br,jaw.entrada.Abrir
87_jaw-br,jaw.gui.ConexaoBD
87_jaw-br,jaw.gui.templates.CriarModeloDeAplicacao
87_jaw-br,jaw.metamodelo.Atributo
87_jaw-br,jaw.util.Conversor
88_jopenchart,de.progra.charting.Axis
88_jopenchart,de.progra.charting.CoordSystemUtilities
88_jopenchart,de.progra.charting.model.DefaultChartDataModel
88_jopenchart,de.progra.charting.model.DefaultDataSet
88_jopenchart,de.progra.charting.model.EditableChartDataModel
88_jopenchart,de.progra.charting.render.RadarChartRenderer
88_jopenchart,de.progra.charting.render.StackedBarChartRenderer
88_jopenchart,de.progra.charting.swing.ChartPanel
89_jiggler,jigl.image.ops.ForwardFFT
89_jiggler,jigl.image.ops.levelOps.Scale
89_jiggler,jigl.image.ops.morph.GOpen
89_jiggler,jigl.image.types.BinaryImage
89_jiggler,jigl.image.utils.ImageOps
89_jiggler,jigl.image.utils.NotHLSColorSpaceException
89_jiggler,jigl.image.warp.IdentityTransform
89_jiggler,jigl.signal.DiscreteSignal
89_jiggler,jigl.signal.PowerSignal
89_jiggler,jigl.signal.ops.levelOps.ClipNeg
89_jiggler,jigl.signal.ops.levelOps.Scale
89_jiggler,jigl.signal.ops.morph.Close
89_jiggler,jigl.util.MathUtil
90_dcparseargs,de.devcity.parseargs.ArgsParser
90_dcparseargs,de.devcity.parseargs.arguments.Argument
90_dcparseargs,de.devcity.parseargs.arguments.KeyArgument
90_dcparseargs,de.devcity.parseargs.arguments.ParameterArgument
90_dcparseargs,de.devcity.parseargs.arguments.StringArgument
90_dcparseargs,de.devcity.parseargs.arguments.SwitchArgument
91_classviewer,com.jstevh.tools.StringList
91_classviewer,com.jstevh.tools.StringTools
91_classviewer,com.jstevh.viewer.ClassInfo
91_classviewer,com.jstevh.viewer.ClassViewer
91_classviewer,com.jstevh.viewer.DirManager
92_jcvi-javacommon,org.jcvi.jillion.assembly.consed.ace.BaseSegmentUtil
92_jcvi-javacommon,org.jcvi.jillion.assembly.consed.ace.DefaultAceAssembledRead
92_jcvi-javacommon,org.jcvi.jillion.assembly.util.consensus.AbstractConsensusCaller
92_jcvi-javacommon,org.jcvi.jillion.assembly.util.consensus.ConsensusUtil
92_jcvi-javacommon,org.jcvi.jillion.core.qual.PhredQuality
92_jcvi-javacommon,org.jcvi.jillion.fasta.nt.UnCommentedNucleotideSequenceFastaRecord
92_jcvi-javacommon,org.jcvi.jillion.fasta.qual.CommentedQualityFastaRecord
92_jcvi-javacommon,org.jcvi.jillion.internal.core.util.GrowableBitArray
92_jcvi-javacommon,org.jcvi.jillion.internal.core.util.iter.AbstractBlockingStreamingIterator
92_jcvi-javacommon,org.jcvi.jillion.internal.trace.chromat.scf.header.pos.PositionStrategyFactory
92_jcvi-javacommon,org.jcvi.jillion.internal.trace.chromat.ztr.chunk.ChunkType
92_jcvi-javacommon,org.jcvi.jillion.trace.fastq.CommentedFastqRecord
93_quickserver,org.quickserver.net.AppException
93_quickserver,org.quickserver.net.client.BlockingUDPClient
93_quickserver,org.quickserver.net.qsadmin.QSAdminServer
93_quickserver,org.quickserver.net.qsadmin.gui.QSAdminMain
93_quickserver,org.quickserver.net.server.ClientEvent
93_quickserver,org.quickserver.net.server.impl.DefaultClientEventHandler
93_quickserver,org.quickserver.util.io.DirFileList
93_quickserver,org.quickserver.util.pool.thread.ClientPool
93_quickserver,org.quickserver.util.pool.thread.ClientThread
93_quickserver,org.quickserver.util.xmlreader.DatabaseConnectionSet
93_quickserver,org.quickserver.util.xmlreader.ServerHooks
94_jclo,ExampleArgs
94_jclo,Main
94_jclo,edu.mscd.cs.jclo.JCLO
95_celwars2009,BezierSpline
95_celwars2009,CatmullRomSpline
95_celwars2009,Client
95_celwars2009,Entity
95_celwars2009,MP3
95_celwars2009,Spline
96_heal,org.heal.module.browse.BrowseDAO
96_heal,org.heal.module.catalog.QueueDAO
96_heal,org.heal.module.oai.heal.HEALDataAccessor
96_heal,org.heal.module.oai.provider.oai_dc.OAI_DCHandler
96_heal,org.heal.module.user.InstructionalLevelBean
96_heal,org.heal.servlet.DownloadAction
96_heal,org.heal.servlet.RemoveFromDownloadAction
96_heal,org.heal.servlet.search.VarSearchAction
96_heal,org.heal.util.VCardBean
97_feudalismgame,src.AidTool
97_feudalismgame,src.Intruders
97_feudalismgame,src.Mercenaries
97_feudalismgame,src.Move
97_feudalismgame,src.RollEvent
97_feudalismgame,src.SAXEncoder
97_feudalismgame,src.VassalRebellion
97_feudalismgame,src.Vassals
97_feudalismgame,src.feudalismGUI.GridLayout2
98_trans-locator,Joshua.FoxHunt.FoxCalc
98_trans-locator,Joshua.FoxHunt.FoxHuntFrame
98_trans-locator,Joshua.FoxHunt.HuntDisplay
98_trans-locator,Joshua.FoxHunt.Landmark
99_newzgrabber,Newzgrabber.AboutPanel
99_newzgrabber,Newzgrabber.Base64Decoder
99_newzgrabber,Newzgrabber.CustomFileOutputStream
99_newzgrabber,Newzgrabber.LineData
99_newzgrabber,Newzgrabber.PassEnc
99_newzgrabber,Newzgrabber.SortFilterModel
99_newzgrabber,Newzgrabber.StatsDialog
99_newzgrabber,Newzgrabber.Status
99_newzgrabber,Newzgrabber.UUDecoder
99_newzgrabber,Newzgrabber.yEncDecoder
100_jgaap,CrossEntropyDriver
100_jgaap,Document
100_jgaap,DocumentSet
100_jgaap,EventDriver
100_jgaap,EventSet
100_jgaap,Preprocessor
100_jgaap,guiDriver
100_jgaap,kvp
101_netweaver,com.sap.managementconsole.soap.axis.saphostcontrol.OperationCode
101_netweaver,com.sap.netweaver.porta.core.mock.LifecycleManagerMock
101_netweaver,com.sap.netweaver.porta.core.nw7.DeployManagerImpl
101_netweaver,com.sap.netweaver.porta.ide.eclipse.util.ProxyUtil
101_netweaver,com.sap.netweaver.porta.ide.eclipse.util.SapNWServerUtil
101_netweaver,com.sap.netweaver.porta.ide.eclipse.util.StatusUtil
102_squirrel-sql,net.sourceforge.squirrel_sql.client.action.SquirrelAction
102_squirrel-sql,net.sourceforge.squirrel_sql.client.gui.mainframe.MainFrameWindowState
102_squirrel-sql,net.sourceforge.squirrel_sql.client.gui.session.ObjectTreeInternalFrame
102_squirrel-sql,net.sourceforge.squirrel_sql.client.mainframe.action.DumpApplicationAction
102_squirrel-sql,net.sourceforge.squirrel_sql.client.plugin.gui.PluginGlobalPreferencesTab
102_squirrel-sql,net.sourceforge.squirrel_sql.client.session.action.FileOpenAction
102_squirrel-sql,net.sourceforge.squirrel_sql.fw.gui.ToggleComponentHolder
102_squirrel-sql,net.sourceforge.squirrel_sql.fw.gui.action.TableSelectAllCellsCommand
102_squirrel-sql,net.sourceforge.squirrel_sql.fw.gui.action.exportData.ExportDataColumn
102_squirrel-sql,net.sourceforge.squirrel_sql.fw.util.MyURLClassLoader
103_sweethome3d,com.eteks.sweethome3d.io.ContentRecording
103_sweethome3d,com.eteks.sweethome3d.io.DefaultHomeOutputStream
103_sweethome3d,com.eteks.sweethome3d.model.CatalogLight
103_sweethome3d,com.eteks.sweethome3d.model.Compass
103_sweethome3d,com.eteks.sweethome3d.model.SelectionEvent
103_sweethome3d,com.eteks.sweethome3d.plugin.PluginManager
103_sweethome3d,com.eteks.sweethome3d.swing.FurnitureCatalogTransferHandler
103_sweethome3d,com.eteks.sweethome3d.swing.FurnitureTransferHandler
103_sweethome3d,com.eteks.sweethome3d.swing.HomeTransferableList
103_sweethome3d,com.eteks.sweethome3d.swing.ModelPreviewComponent
103_sweethome3d,com.eteks.sweethome3d.viewcontroller.LevelController
103_sweethome3d,com.eteks.sweethome3d.viewcontroller.PageSetupController
104_vuze,com.aelitis.azureus.core.metasearch.Result
104_vuze,com.aelitis.azureus.core.metasearch.utils.MomentsAgoDateFormatter
104_vuze,com.aelitis.azureus.core.networkmanager.impl.EntityHandler
104_vuze,com.aelitis.azureus.ui.swt.shells.main.MainWindowImpl
104_vuze,com.aelitis.azureus.ui.swt.skin.SWTSkinObjectBasic
104_vuze,com.aelitis.azureus.ui.swt.views.skin.SkinnedDialog
104_vuze,com.aelitis.net.upnp.impl.services.UPnPSSWANCommonInterfaceConfigImpl
104_vuze,org.gudy.azureus2.core3.download.impl.DownloadManagerImpl
104_vuze,org.gudy.azureus2.core3.util.Ignore
104_vuze,org.gudy.azureus2.plugins.update.UpdateException
104_vuze,org.gudy.azureus2.pluginsimpl.local.peers.PeerForeignNetworkConnection
105_freemind,accessories.plugins.HierarchicalIcons
105_freemind,accessories.plugins.UnfoldAll
105_freemind,freemind.common.DontShowNotificationProperty
105_freemind,freemind.controller.filter.condition.IconNotContainedCondition
105_freemind,freemind.main.FreeMindStarter
105_freemind,freemind.modes.common.dialogs.EnterPasswordDialog
105_freemind,freemind.modes.mindmapmode.actions.FontSizeAction
105_freemind,freemind.modes.mindmapmode.actions.NodeBackgroundColorAction
105_freemind,freemind.preferences.layout.VariableSizeCardLayout
105_freemind,freemind.view.mindmapview.attributeview.AttributeView
105_freemind,plugins.map.AddLinkToMapAction
105_freemind,plugins.map.MapDialog
106_checkstyle,com.atlassw.tools.eclipse.checkstyle.builder.Auditor
106_checkstyle,com.atlassw.tools.eclipse.checkstyle.builder.CheckstyleMarkerImageProvider
106_checkstyle,com.atlassw.tools.eclipse.checkstyle.config.CheckConfigurationFactory
106_checkstyle,com.atlassw.tools.eclipse.checkstyle.config.configtypes.SystemPropertyResolver
106_checkstyle,com.atlassw.tools.eclipse.checkstyle.config.gui.widgets.ConfigPropertyWidgetRegex
106_checkstyle,com.atlassw.tools.eclipse.checkstyle.config.meta.VisibilityOptionsProvider
106_checkstyle,com.atlassw.tools.eclipse.checkstyle.duplicates.DuplicatedCodeAction
106_checkstyle,com.atlassw.tools.eclipse.checkstyle.nature.CheckstyleNature
106_checkstyle,com.atlassw.tools.eclipse.checkstyle.preferences.CheckstylePreferencePage
106_checkstyle,com.atlassw.tools.eclipse.checkstyle.properties.SimpleFileSetsEditor
106_checkstyle,com.atlassw.tools.eclipse.checkstyle.quickfixes.AbstractASTResolution
106_checkstyle,com.atlassw.tools.eclipse.checkstyle.quickfixes.coding.FinalLocalVariableQuickfix
106_checkstyle,com.atlassw.tools.eclipse.checkstyle.util.table.EnhancedCheckBoxTableViewer
107_weka,weka.classifiers.bayes.net.search.ci.ICSSearchAlgorithm
107_weka,weka.classifiers.functions.supportVector.PolyKernel
107_weka,weka.classifiers.rules.part.C45PruneableDecList
107_weka,weka.core.CheckGOE
107_weka,weka.filters.Filter
107_weka,weka.filters.unsupervised.attribute.PartitionedMultiFilter
107_weka,weka.gui.JListHelper
107_weka,weka.gui.beans.BatchClassifierEvent
107_weka,weka.gui.beans.FileEnvironmentField
107_weka,weka.gui.beans.TestSetEvent
107_weka,weka.gui.beans.xml.XMLBeans
107_weka,weka.gui.graphvisualizer.LayoutCompleteEvent
107_weka,weka.gui.sql.QueryPanel
108_liferay,com.liferay.portal.NoSuchVirtualHostException
108_liferay,com.liferay.portal.ccpp.PortalProfileFactory
108_liferay,com.liferay.portal.editor.fckeditor.command.impl.CreateFolderCommand
108_liferay,com.liferay.portal.kernel.bi.rules.RulesResourceRetriever
108_liferay,com.liferay.portal.model.impl.UserCacheModel
108_liferay,com.liferay.portal.template.UtilLocator
108_liferay,com.liferay.portlet.calendar.service.persistence.CalEventFinderImpl
108_liferay,com.liferay.portlet.documentlibrary.service.permission.DLFileEntryPermission
108_liferay,com.liferay.portlet.journal.model.impl.JournalArticleResourceModelImpl
109_pdfsam,it.pdfsam.console.exception.ConcatException
109_pdfsam,it.pdfsam.console.tools.HtmlTags
109_pdfsam,it.pdfsam.utils.XMLParser
109_pdfsam,jcmdline.BooleanParam
109_pdfsam,jcmdline.TextUsageFormatter
109_pdfsam,org.pdfsam.console.business.pdf.handlers.EncryptCmdExecutor
109_pdfsam,org.pdfsam.console.business.pdf.handlers.UnpackCmdExecutor
109_pdfsam,org.pdfsam.guiclient.business.PagePreviewOpener
109_pdfsam,org.pdfsam.guiclient.commons.business.actions.SetOutputPathSelectionTableAction
109_pdfsam,org.pdfsam.guiclient.configuration.Configuration
109_pdfsam,org.pdfsam.guiclient.dto.PdfFile
109_pdfsam,org.pdfsam.guiclient.gui.panels.JInfoPanel
109_pdfsam,org.pdfsam.guiclient.gui.panels.JSettingsPanel
109_pdfsam,org.pdfsam.plugin.vcomposer.listeners.RunButtonActionListener
109_pdfsam,org.pdfsam.plugin.vpagereorder.GUI.VPageReorderMainGUI
110_firebird,org.firebirdsql.encodings.Encoding_Cp1256
110_firebird,org.firebirdsql.event.OneTimeEventListener
110_firebird,org.firebirdsql.gds.impl.jni.InternalError
110_firebird,org.firebirdsql.gds.impl.jni.ParameterBufferBase
110_firebird,org.firebirdsql.jdbc.AbstractDatabaseMetaData
110_firebird,org.firebirdsql.jdbc.FBEscapedFunctionHelper
110_firebird,org.firebirdsql.jdbc.FBEscapedParser
110_firebird,org.firebirdsql.jdbc.FBResultSetMetaData
110_firebird,org.firebirdsql.jdbc.field.FBBigDecimalField
